"YEAR","STATE","METRIC","TOTAL FINES","TOTAL ARRESTS","TOTAL CHARGES"
2008,"ACT","mobile_phone_use",2060,0,0
2008,"NSW","mobile_phone_use",40882,0,0
2008,"NSW","speed_fines",590408,0,0
2008,"NT","mobile_phone_use",671,0,0
2008,"NT","speed_fines",23865,0,0
2008,"QLD","mobile_phone_use",28499,0,0
2008,"QLD","speed_fines",502886,0,0
2008,"SA","mobile_phone_use",11411,0,0
2008,"SA","speed_fines",119500,0,0
2008,"TAS","mobile_phone_use",6780,0,0
2008,"TAS","speed_fines",59962,0,0
2008,"VIC","mobile_phone_use",49739,0,0
2008,"VIC","speed_fines",1114036,0,0
2008,"WA","mobile_phone_use",15957,0,0
2008,"WA","speed_fines",228822,0,0
2009,"ACT","mobile_phone_use",1890,0,0
2009,"NSW","mobile_phone_use",41167,0,0
2009,"NSW","speed_fines",513616,0,0
2009,"NT","mobile_phone_use",1106,0,0
2009,"NT","speed_fines",19893,0,0
2009,"QLD","mobile_phone_use",33352,0,0
2009,"QLD","speed_fines",475870,0,0
2009,"SA","mobile_phone_use",14167,0,0
2009,"SA","speed_fines",107676,0,0
2009,"TAS","mobile_phone_use",5665,0,0
2009,"TAS","speed_fines",67768,0,0
2009,"VIC","mobile_phone_use",53101,0,0
2009,"VIC","speed_fines",1136590,0,0
2009,"WA","mobile_phone_use",14804,0,0
2009,"WA","speed_fines",254858,0,0
2010,"ACT","mobile_phone_use",2407,0,0
2010,"ACT","speed_fines",58705,0,0
2010,"NSW","mobile_phone_use",51104,0,0
2010,"NSW","speed_fines",390746,0,0
2010,"NT","mobile_phone_use",998,0,0
2010,"NT","speed_fines",26775,0,0
2010,"QLD","mobile_phone_use",33013,0,0
2010,"QLD","speed_fines",440622,0,0
2010,"SA","mobile_phone_use",14139,0,0
2010,"SA","speed_fines",91335,0,0
2010,"TAS","mobile_phone_use",3735,0,0
2010,"TAS","speed_fines",37376,0,0
2010,"VIC","mobile_phone_use",54728,0,0
2010,"VIC","speed_fines",1172460,0,0
2010,"WA","mobile_phone_use",11705,0,0
2010,"WA","speed_fines",300344,0,0
2011,"ACT","mobile_phone_use",2284,0,0
2011,"ACT","speed_fines",56719,0,0
2011,"NSW","mobile_phone_use",46714,0,0
2011,"NSW","speed_fines",389649,0,0
2011,"NT","mobile_phone_use",729,0,0
2011,"NT","speed_fines",24633,0,0
2011,"QLD","mobile_phone_use",30389,0,0
2011,"QLD","speed_fines",588714,0,0
2011,"SA","mobile_phone_use",13402,0,0
2011,"SA","speed_fines",61859,0,0
2011,"TAS","mobile_phone_use",3241,0,0
2011,"TAS","speed_fines",24427,0,0
2011,"VIC","mobile_phone_use",52630,0,0
2011,"VIC","speed_fines",1151555,0,0
2011,"WA","mobile_phone_use",10485,0,0
2011,"WA","speed_fines",558552,0,0
2012,"ACT","mobile_phone_use",1722,0,0
2012,"ACT","speed_fines",54201,0,0
2012,"NSW","mobile_phone_use",42900,0,0
2012,"NSW","speed_fines",432586,0,0
2012,"NT","mobile_phone_use",722,0,0
2012,"NT","speed_fines",27730,0,0
2012,"QLD","mobile_phone_use",28548,0,0
2012,"QLD","speed_fines",653679,0,0
2012,"SA","mobile_phone_use",11623,0,0
2012,"SA","speed_fines",54773,0,0
2012,"TAS","mobile_phone_use",2141,0,0
2012,"TAS","speed_fines",7410,0,0
2012,"VIC","mobile_phone_use",61497,0,0
2012,"VIC","speed_fines",1185037,0,0
2012,"WA","mobile_phone_use",17822,0,0
2012,"WA","speed_fines",588746,0,0
2013,"ACT","mobile_phone_use",1356,0,0
2013,"ACT","speed_fines",51948,0,0
2013,"NSW","mobile_phone_use",33514,0,0
2013,"NSW","speed_fines",426904,0,0
2013,"NT","mobile_phone_use",1058,0,0
2013,"NT","speed_fines",24536,0,0
2013,"QLD","mobile_phone_use",27998,0,0
2013,"QLD","speed_fines",762905,0,0
2013,"SA","mobile_phone_use",12560,0,0
2013,"SA","speed_fines",74391,0,0
2013,"TAS","mobile_phone_use",2914,0,0
2013,"TAS","speed_fines",7517,0,0
2013,"VIC","mobile_phone_use",52452,0,0
2013,"VIC","speed_fines",1015986,0,0
2013,"WA","mobile_phone_use",14563,0,0
2013,"WA","speed_fines",543491,0,0
2014,"ACT","mobile_phone_use",1115,0,0
2014,"ACT","speed_fines",45120,0,0
2014,"NSW","mobile_phone_use",34952,0,0
2014,"NSW","speed_fines",468465,0,0
2014,"NT","mobile_phone_use",517,0,0
2014,"NT","speed_fines",22871,0,0
2014,"QLD","mobile_phone_use",25068,0,0
2014,"QLD","speed_fines",1004090,0,0
2014,"SA","mobile_phone_use",11886,0,0
2014,"SA","speed_fines",100562,0,0
2014,"TAS","mobile_phone_use",3256,0,0
2014,"TAS","speed_fines",9250,0,0
2014,"VIC","mobile_phone_use",41448,0,0
2014,"VIC","speed_fines",1307924,0,0
2014,"WA","mobile_phone_use",14377,0,0
2014,"WA","speed_fines",711518,0,0
2015,"ACT","mobile_phone_use",873,0,0
2015,"ACT","speed_fines",50640,0,0
2015,"NSW","mobile_phone_use",37989,0,0
2015,"NSW","speed_fines",486571,0,0
2015,"NT","mobile_phone_use",492,0,0
2015,"NT","speed_fines",24928,0,0
2015,"QLD","mobile_phone_use",23048,0,0
2015,"QLD","speed_fines",1076622,0,0
2015,"SA","mobile_phone_use",12446,0,0
2015,"SA","speed_fines",85282,0,0
2015,"TAS","mobile_phone_use",3273,0,0
2015,"TAS","speed_fines",15220,0,0
2015,"VIC","mobile_phone_use",33598,0,0
2015,"VIC","speed_fines",1306201,0,0
2015,"WA","mobile_phone_use",16666,0,0
2015,"WA","speed_fines",752276,0,0
2016,"ACT","mobile_phone_use",1120,0,0
2016,"ACT","speed_fines",55750,0,0
2016,"NSW","mobile_phone_use",38918,0,0
2016,"NSW","speed_fines",494676,0,0
2016,"NT","mobile_phone_use",535,0,0
2016,"NT","speed_fines",22239,0,0
2016,"QLD","mobile_phone_use",17213,0,0
2016,"QLD","speed_fines",659305,0,0
2016,"SA","mobile_phone_use",11153,0,0
2016,"SA","speed_fines",182856,0,0
2016,"TAS","mobile_phone_use",3191,0,0
2016,"TAS","speed_fines",15977,0,0
2016,"VIC","mobile_phone_use",27925,0,0
2016,"VIC","speed_fines",1266642,0,0
2016,"WA","mobile_phone_use",14926,0,0
2016,"WA","speed_fines",567954,0,0
2017,"ACT","mobile_phone_use",1299,0,0
2017,"ACT","speed_fines",52913,0,0
2017,"NSW","mobile_phone_use",41020,0,0
2017,"NSW","non_wearing_seatbelts",22954,0,0
2017,"NSW","speed_fines",731953,0,0
2017,"NT","mobile_phone_use",546,0,0
2017,"NT","speed_fines",22556,0,0
2017,"QLD","mobile_phone_use",15043,0,0
2017,"QLD","speed_fines",733717,0,0
2017,"SA","mobile_phone_use",11252,0,0
2017,"SA","speed_fines",162804,0,0
2017,"TAS","mobile_phone_use",2738,0,0
2017,"TAS","speed_fines",13095,0,0
2017,"VIC","mobile_phone_use",29293,0,0
2017,"VIC","speed_fines",1220180,0,0
2017,"WA","mobile_phone_use",16718,0,0
2017,"WA","non_wearing_seatbelts",7309,0,0
2017,"WA","speed_fines",754183,0,0
2018,"ACT","mobile_phone_use",1399,0,0
2018,"ACT","non_wearing_seatbelts",197,0,0
2018,"ACT","speed_fines",66449,0,0
2018,"NSW","mobile_phone_use",37653,0,0
2018,"NSW","non_wearing_seatbelts",21553,0,0
2018,"NSW","speed_fines",681389,0,0
2018,"NT","mobile_phone_use",861,0,0
2018,"NT","non_wearing_seatbelts",2558,0,0
2018,"NT","speed_fines",37452,0,0
2018,"QLD","mobile_phone_use",12828,0,0
2018,"QLD","non_wearing_seatbelts",8789,0,0
2018,"QLD","speed_fines",1021423,0,0
2018,"SA","mobile_phone_use",8471,0,0
2018,"SA","non_wearing_seatbelts",4909,0,0
2018,"SA","speed_fines",174731,0,0
2018,"TAS","mobile_phone_use",2614,0,0
2018,"TAS","speed_fines",8609,0,0
2018,"VIC","mobile_phone_use",32458,0,0
2018,"VIC","non_wearing_seatbelts",13595,0,0
2018,"VIC","speed_fines",1600565,0,0
2018,"WA","mobile_phone_use",17697,0,0
2018,"WA","non_wearing_seatbelts",5953,0,0
2018,"WA","speed_fines",689198,0,0
2019,"ACT","mobile_phone_use",1098,0,0
2019,"ACT","non_wearing_seatbelts",174,0,0
2019,"ACT","speed_fines",59330,0,0
2019,"NSW","mobile_phone_use",25463,0,0
2019,"NSW","non_wearing_seatbelts",19355,0,0
2019,"NSW","speed_fines",658793,0,0
2019,"NT","mobile_phone_use",760,0,0
2019,"NT","non_wearing_seatbelts",3521,0,0
2019,"NT","speed_fines",39500,0,0
2019,"QLD","mobile_phone_use",11580,0,0
2019,"QLD","non_wearing_seatbelts",9009,0,0
2019,"QLD","speed_fines",1041780,0,0
2019,"SA","mobile_phone_use",7567,0,0
2019,"SA","non_wearing_seatbelts",4386,0,0
2019,"SA","speed_fines",202914,0,0
2019,"TAS","mobile_phone_use",2355,0,0
2019,"TAS","speed_fines",6738,0,0
2019,"VIC","mobile_phone_use",36694,0,0
2019,"VIC","non_wearing_seatbelts",11835,0,0
2019,"VIC","speed_fines",1004679,0,0
2019,"WA","mobile_phone_use",11850,0,0
2019,"WA","non_wearing_seatbelts",4469,0,0
2019,"WA","speed_fines",682996,0,0
2020,"ACT","mobile_phone_use",812,0,0
2020,"ACT","non_wearing_seatbelts",143,0,0
2020,"ACT","speed_fines",57612,0,0
2020,"NSW","mobile_phone_use",151725,0,0
2020,"NSW","non_wearing_seatbelts",11720,0,0
2020,"NSW","speed_fines",915316,0,0
2020,"NT","mobile_phone_use",380,0,0
2020,"NT","non_wearing_seatbelts",2111,0,0
2020,"NT","speed_fines",40921,0,0
2020,"QLD","mobile_phone_use",4823,0,0
2020,"QLD","non_wearing_seatbelts",6108,0,0
2020,"QLD","speed_fines",910858,0,0
2020,"SA","mobile_phone_use",6325,0,0
2020,"SA","non_wearing_seatbelts",3935,0,0
2020,"SA","speed_fines",175237,0,0
2020,"TAS","mobile_phone_use",1966,0,0
2020,"TAS","non_wearing_seatbelts",1332,0,0
2020,"TAS","speed_fines",40751,0,0
2020,"VIC","mobile_phone_use",21231,0,0
2020,"VIC","non_wearing_seatbelts",7757,0,0
2020,"VIC","speed_fines",937192,0,0
2020,"WA","mobile_phone_use",7889,0,0
2020,"WA","non_wearing_seatbelts",2804,0,0
2020,"WA","speed_fines",695586,0,0
2021,"ACT","mobile_phone_use",544,0,0
2021,"ACT","non_wearing_seatbelts",60,0,0
2021,"ACT","speed_fines",113807,0,0
2021,"NSW","mobile_phone_use",174082,0,0
2021,"NSW","non_wearing_seatbelts",9602,0,0
2021,"NSW","speed_fines",1452620,0,0
2021,"NT","mobile_phone_use",309,0,0
2021,"NT","non_wearing_seatbelts",1123,0,0
2021,"NT","speed_fines",38648,0,0
2021,"QLD","mobile_phone_use",18547,0,0
2021,"QLD","non_wearing_seatbelts",10397,0,0
2021,"QLD","speed_fines",978926,0,0
2021,"SA","mobile_phone_use",4799,0,0
2021,"SA","non_wearing_seatbelts",2684,0,0
2021,"SA","speed_fines",202693,0,0
2021,"TAS","mobile_phone_use",2328,0,0
2021,"TAS","non_wearing_seatbelts",1129,0,0
2021,"TAS","speed_fines",39228,0,0
2021,"VIC","mobile_phone_use",15562,0,0
2021,"VIC","non_wearing_seatbelts",6342,0,0
2021,"VIC","speed_fines",1231672,0,0
2021,"WA","mobile_phone_use",4909,0,0
2021,"WA","non_wearing_seatbelts",1856,0,0
2021,"WA","speed_fines",809544,0,0
2022,"ACT","mobile_phone_use",374,0,0
2022,"ACT","non_wearing_seatbelts",41,0,0
2022,"NSW","mobile_phone_use",207697,0,0
2022,"NSW","non_wearing_seatbelts",9722,0,0
2022,"NSW","speed_fines",1217596,0,0
2022,"NT","mobile_phone_use",302,0,0
2022,"NT","non_wearing_seatbelts",1166,0,0
2022,"NT","speed_fines",33642,0,0
2022,"QLD","mobile_phone_use",121639,0,0
2022,"QLD","non_wearing_seatbelts",55927,0,0
2022,"QLD","speed_fines",849399,0,0
2022,"SA","mobile_phone_use",4583,0,0
2022,"SA","non_wearing_seatbelts",3046,0,0
2022,"SA","speed_fines",186196,0,0
2022,"TAS","mobile_phone_use",1973,0,0
2022,"TAS","non_wearing_seatbelts",890,0,0
2022,"TAS","speed_fines",42737,0,0
2022,"VIC","mobile_phone_use",19428,0,0
2022,"VIC","non_wearing_seatbelts",7492,0,0
2022,"VIC","speed_fines",1378231,0,0
2022,"WA","mobile_phone_use",6346,0,0
2022,"WA","non_wearing_seatbelts",2186,0,0
2022,"WA","speed_fines",843541,0,0
2023,"ACT","mobile_phone_use",288,0,0
2023,"ACT","non_wearing_seatbelts",75,0,0
2023,"ACT","speed_fines",71961,0,0
2023,"ACT","unlicensed_driving",260,215,708
2023,"NSW","mobile_phone_use",216042,0,187
2023,"NSW","non_wearing_seatbelts",10246,0,267
2023,"NSW","speed_fines",881483,0,1393
2023,"NSW","unlicensed_driving",7859,0,30836
2023,"NT","mobile_phone_use",205,5,14
2023,"NT","non_wearing_seatbelts",789,47,348
2023,"NT","speed_fines",43306,44,215
2023,"NT","unlicensed_driving",366,515,1712
2023,"QLD","mobile_phone_use",80292,0,0
2023,"QLD","non_wearing_seatbelts",37530,0,0
2023,"QLD","speed_fines",860626,0,0
2023,"QLD","unlicensed_driving",27701,0,0
2023,"SA","mobile_phone_use",5769,0,0
2023,"SA","non_wearing_seatbelts",2884,0,0
2023,"SA","speed_fines",203602,102,282
2023,"SA","unlicensed_driving",7059,1509,4479
2023,"TAS","mobile_phone_use",2428,0,37
2023,"TAS","non_wearing_seatbelts",2070,0,50
2023,"TAS","speed_fines",65040,0,361
2023,"TAS","unlicensed_driving",234,0,1567
2023,"VIC","mobile_phone_use",49546,0,0
2023,"VIC","non_wearing_seatbelts",30400,0,0
2023,"VIC","speed_fines",1302628,0,0
2023,"VIC","unlicensed_driving",9285,0,0
2023,"WA","mobile_phone_use",3592,7,157
2023,"WA","non_wearing_seatbelts",1774,19,347
2023,"WA","speed_fines",807487,13,1557
2023,"WA","unlicensed_driving",2060,2097,15332
2024,"ACT","mobile_phone_use",27125,2,13
2024,"ACT","non_wearing_seatbelts",59,1,7
2024,"ACT","speed_fines",68846,10,84
2024,"ACT","unlicensed_driving",299,219,720
2024,"NSW","mobile_phone_use",161997,0,208
2024,"NSW","non_wearing_seatbelts",80970,0,236
2024,"NSW","speed_fines",905672,0,1539
2024,"NSW","unlicensed_driving",9355,0,30365
2024,"NT","mobile_phone_use",244,1,11
2024,"NT","non_wearing_seatbelts",984,60,865
2024,"NT","speed_fines",48055,41,292
2024,"NT","unlicensed_driving",431,666,2537
2024,"QLD","mobile_phone_use",75334,0,0
2024,"QLD","non_wearing_seatbelts",39530,0,0
2024,"QLD","speed_fines",794883,0,0
2024,"QLD","unlicensed_driving",25135,0,0
2024,"SA","mobile_phone_use",4605,0,0
2024,"SA","non_wearing_seatbelts",2522,0,0
2024,"SA","speed_fines",184581,93,346
2024,"SA","unlicensed_driving",6618,1343,4415
2024,"TAS","mobile_phone_use",2815,0,32
2024,"TAS","non_wearing_seatbelts",4105,2,79
2024,"TAS","speed_fines",74993,0,398
2024,"TAS","unlicensed_driving",253,17,1692
2024,"VIC","mobile_phone_use",55075,0,0
2024,"VIC","non_wearing_seatbelts",53204,0,0
2024,"VIC","speed_fines",773470,0,0
2024,"VIC","unlicensed_driving",7090,0,0
2024,"WA","mobile_phone_use",3731,4,203
2024,"WA","non_wearing_seatbelts",1941,23,383
2024,"WA","speed_fines",472833,23,1685
2024,"WA","unlicensed_driving",1969,2106,16773
